20a21caf-56ae-11ed-b6f7-0068ebda6a83.jpg,['P3RV_P']
53e2400f-5a6c-11ed-abc8-0068ebda6a83.jpg,[]
4f96bd3f-5a6d-11ed-961d-0068ebda6a83.jpg,['DZI7 YXR']
8e59dbad-5a6d-11ed-8968-0068ebda6a83.jpg,['CRAIG']
bde37558-5a6d-11ed-ba02-0068ebda6a83.jpg,"['""7596', 'Vuhzoee F']"
77410a6b-5a6e-11ed-885f-0068ebda6a83.jpg,"['MhiL', 'Gn', '9239']"
3c35f4e1-5a86-11ed-9065-0068ebda6a83.jpg,"['MhiL', 'Gn', '9239']"
40cbed1a-5a89-11ed-a898-0068ebda6a83.jpg,"['MhiL', 'Gn', '9239']"
1f4cb0f8-5a8b-11ed-a8e4-0068ebda6a83.jpg,['DZI7 YXR']
13c84cf1-5b40-11ed-bfe8-0068ebda6a83.jpg,['DL4? AK49']
80bd75b4-5b40-11ed-9283-0068ebda6a83.jpg,['P3RV_P']
